task,status,task_type,n_classes,n_params,train_time_s,total_time_s,accuracy,fmax,auprc,Fmax,precision,recall,r2,mse,spearman,mcc,auroc
GeneOntologyTask,completed,graph_multilabel,5127,24217095,13992.613852739334,14138.861372470856,0.0416666666666666,0.4933286823057469,0.5011852010523442,0.4492241185970243,,,,,,,
ProteinFamilyTask,completed,graph_multiclass,5163,24272427,3766.910832166672,3800.485063552856,0.0179948586118251,,,,0.001078252269824,0.002127659574468,,,,,
StructuralClassTask,completed,graph_multiclass,3042,21012450,1325.9305238723755,1338.3009176254272,0.0119047619047619,,,,3.013863773357444e-05,0.0025316455696202,,,,,
LigandAffinityTask,completed,graph_regression,1,16338433,1394.786154985428,1404.7866249084473,,,,,,,0.0752342939376831,3.8164312839508057,0.3561474571646948,,
BindingSiteDetectionTask,completed,node_binary,2,13977601,1759.386810541153,1770.0364727973938,0.9307225306546312,,,,,,,,,0.7488994610125751,0.958062939882068
EnzymeClassTask,completed,graph_multiclass,7,16347655,6444.774446725845,6463.322154521942,0.559539052496799,,,,0.17638163816381638,0.23089737202640429,,,,,
