task,status,task_type,n_classes,n_params,train_time_s,total_time_s,accuracy,fmax,auprc,Fmax,precision,recall,r2,mse,spearman
EnzymeClassTask,completed,graph_multilabel,7,16347655,19777.04597210884,19796.325894355774,0.3674775928297055,0.5893380199179847,0.6342376335986809,,,,,,
GeneOntologyTask,completed,graph_multilabel,5127,24217095,16939.32538843155,17082.37788915634,0.018995098039215685,0.4221686937292687,0.3910725167595207,0.3916676192298306,,,,,
ProteinFamilyTask,completed,graph_multiclass,5163,24272427,10116.35145163536,10151.424326896667,0.013496143958868894,,,,1.4357599956243504e-05,0.0010638297872340426,,,
StructuralClassTask,completed,graph_multiclass,3042,21012450,1646.7602651119232,1659.738939523697,0.011904761904761904,,,,3.013863773357444e-05,0.002531645569620253,,,
LigandAffinityTask,completed,graph_regression,1,16338433,11294.989986419678,11307.606821775436,,,,,,,-2.61157488822937,14.904669761657715,0.4013274928558809
