task,status,task_type,n_classes,n_params,train_time_s,total_time_s,accuracy,precision,recall,Fmax,reason,time_s,mse,r2,mcc,auroc
EnzymeClassTask,completed,graph_multiclass,7.0,1121423.0,2948.229801416397,3018.201455831528,0.9142125480153648,0.861844093262393,0.8670362144213847,,,,,,,
GeneOntologyTask,completed,graph_multilabel,5127.0,2437263.0,5183.948649644852,5288.660096168518,,,,0.7434803486881723,,,,,,
StructuralClassTask,completed,graph_multiclass,3042.0,1901418.0,4733.513041257858,4744.030286073685,0.6984126984126984,0.4640554480980012,0.4756608639587363,,,,,,,
LigandAffinityTask,completed,graph_regression,1.0,1119881.0,2932.1463634967804,2968.8344044685364,,,,,,,2.2487452030181885,0.4551028609275818,,
BindingSiteDetectionTask,completed,node_binary,2.0,1150721.0,1499.2810952663422,1529.3508203029633,0.9424451811319248,,,,,,,,0.7915480526152584,0.970121177147022
