fmax,best_thresholds,auroc_Cytoplasm,mcc_Cytoplasm,auroc_Nucleus,mcc_Nucleus,auroc_Cell membrane,mcc_Cell membrane,auroc_Mitochondrion,mcc_Mitochondrion,auroc_Endoplasmic reticulum,mcc_Endoplasmic reticulum,auroc_Lysosome/Vacuole,mcc_Lysosome/Vacuole,auroc_Golgi apparatus,mcc_Golgi apparatus,auroc_Peroxisome,mcc_Peroxisome,auroc_macro,mcc_macro,hamming_accuracy,f1_micro,f1_macro,membrane_accuracy,membrane_mcc,membrane_f1_macro
0.5398341442162873,[0.56 0.61 0.76 0.79 0.81 0.92 0.79 0.76 0.8  0.87],0.6928971977014682,0.2669109493164305,0.8032546831341938,0.43510920290578425,0.7799103335688701,0.34575204975579477,0.8837600128808921,0.5619087492713751,0.7208821666138739,0.18431761678943565,0.8125364431486881,-0.004997471537286663,0.7683971881995636,0.2910709170154309,0.958813700918964,0.3868716491835298,0.8025564657708142,0.30836795783756177,0.8871287128712871,0.5637100405222872,0.3041856283590589,0.8631333721607455,0.0,0.46326977180368867
