{
  "Oxidoreductase": {
    "class_id": 0,
    "n_samples": 14,
    "mean_sparsity": 0.7813744351533086,
    "mean_masked_confidence": 0.6678966156073979,
    "feature_group_importance": [
      [
        "Physicochemical",
        0.8130151629447937
      ],
      [
        "One-hot AA",
        0.7860074043273926
      ],
      [
        "Positional",
        0.7363149523735046
      ],
      [
        "ESM-2",
        0.7134214639663696
      ],
      [
        "Degree",
        0.5456911325454712
      ],
      [
        "SASA/RSA",
        0.3862082362174988
      ]
    ],
    "position_importance": [
      0.25077587411158925,
      0.2876362000636668,
      0.193106060756461,
      0.20648676195376772,
      0.22067354556506075,
      0.23326820559853714,
      0.20734881683402123,
      0.2150975342995165,
      0.2182340535131138,
      0.19819616167501158,
      0.2016841271951941,
      0.25363341488011476,
      0.307396725115869,
      0.2213995101510659,
      0.23587192530004805,
      0.2597254412658713,
      0.25781684619620354,
      0.26914769770173236,
      0.20732812104737916,
      0.18524987476023477
    ]
  },
  "Transferase": {
    "class_id": 1,
    "n_samples": 14,
    "mean_sparsity": 0.8834507692651749,
    "mean_masked_confidence": 0.628079674073628,
    "feature_group_importance": [
      [
        "Positional",
        0.7076327204704285
      ],
      [
        "ESM-2",
        0.6995850801467896
      ],
      [
        "One-hot AA",
        0.6808692216873169
      ],
      [
        "Physicochemical",
        0.6789475679397583
      ],
      [
        "SASA/RSA",
        0.6346591711044312
      ],
      [
        "Degree",
        0.5349264740943909
      ]
    ],
    "position_importance": [
      0.12622362460003553,
      0.14285661791481002,
      0.14777648847453215,
      0.14686091317967906,
      0.11597224427617946,
      0.12644080260664478,
      0.15868008974749667,
      0.1295525144735692,
      0.14914355739340796,
      0.17906985880265255,
      0.19682727630101984,
      0.1741135152729088,
      0.19139630624671858,
      0.14190328120780063,
      0.18263132270145732,
      0.16339186773745973,
      0.1669750274952609,
      0.17004821598466016,
      0.16330683667471996,
      0.1610309957652141
    ]
  },
  "Hydrolase": {
    "class_id": 2,
    "n_samples": 14,
    "mean_sparsity": 0.8457479893863795,
    "mean_masked_confidence": 0.5737468387399401,
    "feature_group_importance": [
      [
        "SASA/RSA",
        0.7608706951141357
      ],
      [
        "ESM-2",
        0.6886410713195801
      ],
      [
        "One-hot AA",
        0.6873592138290405
      ],
      [
        "Degree",
        0.6734431982040405
      ],
      [
        "Physicochemical",
        0.6441868543624878
      ],
      [
        "Positional",
        0.6278098225593567
      ]
    ],
    "position_importance": [
      0.1391631967901377,
      0.1719130708137794,
      0.16436799272331865,
      0.14082256321220402,
      0.21516321834476157,
      0.2075874126551514,
      0.1888460698057018,
      0.21882021287074965,
      0.22447557712830216,
      0.19427777610361704,
      0.16933812250189603,
      0.16599307184988618,
      0.15843136985013656,
      0.20800115153241666,
      0.20098754543166053,
      0.2224379568667601,
      0.20122116695568645,
      0.20657765369777495,
      0.168465837858817,
      0.16959590484483014
    ]
  },
  "Lyase": {
    "class_id": 3,
    "n_samples": 14,
    "mean_sparsity": 0.8032813898426031,
    "mean_masked_confidence": 0.8006567103522164,
    "feature_group_importance": [
      [
        "Positional",
        0.7562549710273743
      ],
      [
        "One-hot AA",
        0.7377837896347046
      ],
      [
        "Physicochemical",
        0.7307778000831604
      ],
      [
        "ESM-2",
        0.702508807182312
      ],
      [
        "SASA/RSA",
        0.5587812662124634
      ],
      [
        "Degree",
        0.5191041231155396
      ]
    ],
    "position_importance": [
      0.17247135950383127,
      0.19575925276478526,
      0.22188213430155482,
      0.23277995892588701,
      0.20337694033317213,
      0.1759862498749474,
      0.18852494633898756,
      0.19638735672488017,
      0.2282688184108094,
      0.2455114886078673,
      0.2572188025685607,
      0.22738843924897148,
      0.25079529153875,
      0.21420493050368988,
      0.3113997045373399,
      0.22897431338349888,
      0.2666014222632099,
      0.18579866586463153,
      0.19145186206962647,
      0.21778732366456421
    ]
  },
  "Isomerase": {
    "class_id": 4,
    "n_samples": 14,
    "mean_sparsity": 0.7728962752562829,
    "mean_masked_confidence": 0.8110181816986629,
    "feature_group_importance": [
      [
        "SASA/RSA",
        0.8124382495880127
      ],
      [
        "Degree",
        0.8098640441894531
      ],
      [
        "One-hot AA",
        0.7452319264411926
      ],
      [
        "Physicochemical",
        0.7338019609451294
      ],
      [
        "Positional",
        0.714372992515564
      ],
      [
        "ESM-2",
        0.7030884027481079
      ]
    ],
    "position_importance": [
      0.23609458660623545,
      0.21426596891690283,
      0.23298083299182298,
      0.20824757970436383,
      0.19322302724871024,
      0.18512433345866505,
      0.2130987078628893,
      0.22504211508870497,
      0.2279759951591964,
      0.22946970116641197,
      0.24201315346309385,
      0.19923025755400361,
      0.26728827817569,
      0.30592904286426326,
      0.29158768508837224,
      0.27605817539907745,
      0.24952320216358934,
      0.2032491435666554,
      0.24990112129930755,
      0.202082871604973
    ]
  },
  "Ligase": {
    "class_id": 5,
    "n_samples": 14,
    "mean_sparsity": 0.7526628879339469,
    "mean_masked_confidence": 0.8250847927161625,
    "feature_group_importance": [
      [
        "Physicochemical",
        0.7548618316650391
      ],
      [
        "Positional",
        0.7398435473442078
      ],
      [
        "One-hot AA",
        0.7256261110305786
      ],
      [
        "ESM-2",
        0.6898377537727356
      ],
      [
        "Degree",
        0.4406924247741699
      ],
      [
        "SASA/RSA",
        0.38672733306884766
      ]
    ],
    "position_importance": [
      0.17642028972257642,
      0.20326274568869684,
      0.2862747199981469,
      0.26759799959378044,
      0.18530671076048305,
      0.18565404891064535,
      0.22993966618166883,
      0.23467827720653586,
      0.36232927693301603,
      0.35010256940052675,
      0.3869437888821086,
      0.31479543797790627,
      0.37567002681317596,
      0.29992109828054087,
      0.2783694142310535,
      0.2544640326047976,
      0.20301250134465712,
      0.14243900450645672,
      0.15839911750175478,
      0.1806580561948171
    ]
  },
  "Translocase": {
    "class_id": 6,
    "n_samples": 7,
    "mean_sparsity": 0.9067395379420986,
    "mean_masked_confidence": 0.9591279966490609,
    "feature_group_importance": [
      [
        "SASA/RSA",
        0.8640844821929932
      ],
      [
        "One-hot AA",
        0.7743003368377686
      ],
      [
        "ESM-2",
        0.7212691307067871
      ],
      [
        "Positional",
        0.6625661253929138
      ],
      [
        "Physicochemical",
        0.6302065253257751
      ],
      [
        "Degree",
        0.4917808473110199
      ]
    ],