{
  "Oxidoreductase": {
    "class_id": 0,
    "n_samples": 14,
    "mean_sparsity": 0.781513286045146,
    "mean_masked_confidence": 0.6679168045520782,
    "feature_group_importance": [
      [
        "Physicochemical",
        0.8126088380813599
      ],
      [
        "One-hot AA",
        0.78630530834198
      ],
      [
        "Positional",
        0.7359901666641235
      ],
      [
        "ESM-2",
        0.713367760181427
      ],
      [
        "Degree",
        0.5475362539291382
      ],
      [
        "SASA/RSA",
        0.3860100209712982
      ]
    ],
    "position_importance": [
      0.2508215294243831,
      0.28762302869141904,
      0.19305331056454925,
      0.20647993588808503,
      0.22054967019834446,
      0.23331075645418706,
      0.2073322794904335,
      0.21500116390974813,
      0.21836215907842224,
      0.1980874125738658,
      0.20169757715449313,
      0.25372196049077167,
      0.30732955861879524,
      0.2214144729747174,
      0.23554110085455945,
      0.25957999127714493,
      0.2576785132299272,
      0.269159749741854,
      0.20733248050549236,
      0.18538460462115558
    ]
  },
  "Transferase": {
    "class_id": 1,
    "n_samples": 14,
    "mean_sparsity": 0.8834799027513894,
    "mean_masked_confidence": 0.6283058651856014,
    "feature_group_importance": [
      [
        "Positional",
        0.7070119380950928
      ],
      [
        "ESM-2",
        0.6995266079902649
      ],
      [
        "One-hot AA",
        0.6809812784194946
      ],
      [
        "Physicochemical",
        0.678411602973938
      ],
      [
        "SASA/RSA",
        0.634842038154602
      ],
      [
        "Degree",
        0.5326420068740845
      ]
    ],
    "position_importance": [
      0.12625177250732225,
      0.14283599032879005,
      0.14770351345357186,
      0.14685148005558116,
      0.11603773812671284,
      0.1264408945015528,
      0.1586885758189601,
      0.1295668994704542,
      0.14919882693203454,
      0.17907846461916968,
      0.19696419784430455,
      0.17417838574431688,
      0.1914182022896667,
      0.1419338118125622,
      0.1826903657416394,
      0.16348761212948987,
      0.16696379492268615,
      0.17004224565771836,
      0.16331788389667895,
      0.16099416416524015
    ]
  },
  "Hydrolase": {
    "class_id": 2,
    "n_samples": 14,
    "mean_sparsity": 0.8456527604092624,
    "mean_masked_confidence": 0.5736427349703652,
    "feature_group_importance": [
      [
        "SASA/RSA",
        0.761936366558075
      ],
      [
        "ESM-2",
        0.6886236667633057
      ],
      [
        "One-hot AA",
        0.6871129274368286
      ],
      [
        "Degree",
        0.6747630834579468
      ],
      [
        "Physicochemical",
        0.6438229084014893
      ],
      [
        "Positional",
        0.6269291043281555
      ]
    ],
    "position_importance": [
      0.13924041393838432,
      0.17195990006895814,
      0.1644963887879985,
      0.14074253610619644,
      0.21523335556281473,
      0.20767808952902536,
      0.18893162351196208,
      0.21897045196279885,
      0.22458977398134156,
      0.19427904602427207,
      0.16919980602429313,
      0.16601762792364647,
      0.15829658964258866,
      0.20811399463589636,
      0.2011446861165857,
      0.22246675256723122,
      0.20126253951448378,
      0.20672316902990406,
      0.16827397048654175,
      0.16962845447141311
    ]
  },
  "Lyase": {
    "class_id": 3,
    "n_samples": 14,
    "mean_sparsity": 0.8031458254792149,
    "mean_masked_confidence": 0.8006578939301627,
    "feature_group_importance": [
      [
        "Positional",
        0.7564412355422974
      ],
      [
        "One-hot AA",
        0.7377716898918152
      ],
      [
        "Physicochemical",
        0.7308915257453918
      ],
      [
        "ESM-2",
        0.7024816274642944
      ],
      [
        "SASA/RSA",
        0.558646559715271
      ],
      [
        "Degree",
        0.5188030004501343
      ]
    ],
    "position_importance": [
      0.1724670665461818,
      0.19572626093061962,
      0.22185493556541272,
      0.2327670820394945,
      0.20338257924126965,
      0.176002013375325,
      0.18849668979472112,
      0.19641788897102344,
      0.22831741049174162,
      0.24558210284155596,
      0.2572450196518496,
      0.2273079930890571,
      0.25080498976065535,
      0.21422999082157682,
      0.31142304714084634,
      0.22895981624091058,
      0.26664635287657024,
      0.18578118001663838,
      0.1914291337511726,
      0.2178211175477875
    ]
  },
  "Isomerase": {
    "class_id": 4,
    "n_samples": 14,
    "mean_sparsity": 0.7728830575339608,
    "mean_masked_confidence": 0.8110169342585972,
    "feature_group_importance": [
      [
        "SASA/RSA",
        0.8124920129776001
      ],
      [
        "Degree",
        0.8099573254585266
      ],
      [
        "One-hot AA",
        0.7452338933944702
      ],
      [
        "Physicochemical",
        0.7338076233863831
      ],
      [
        "Positional",
        0.7142764329910278
      ],
      [
        "ESM-2",
        0.7030916213989258
      ]
    ],
    "position_importance": [
      0.23608655097939374,
      0.2142269151933943,
      0.23299344260475732,
      0.20826052219158298,
      0.1932326211548496,
      0.185132342615022,
      0.2130984487778038,
      0.22505011010233214,
      0.22797235767061438,
      0.22946426106206572,
      0.24202623060803158,
      0.19923382696122524,
      0.26729575484228774,
      0.3059547609941881,
      0.29161993367074973,
      0.27606867037511357,
      0.24953779670154946,
      0.20325338777351357,
      0.24991308402102602,
      0.20209778972338438
    ]
  },
  "Ligase": {
    "class_id": 5,
    "n_samples": 14,
    "mean_sparsity": 0.7526881088133486,
    "mean_masked_confidence": 0.8250840817178998,
    "feature_group_importance": [
      [
        "Physicochemical",
        0.7548222541809082
      ],
      [
        "Positional",
        0.739980936050415
      ],
      [
        "One-hot AA",
        0.7256092429161072
      ],
      [
        "ESM-2",
        0.6898376941680908
      ],
      [
        "Degree",
        0.44083741307258606
      ],
      [
        "SASA/RSA",
        0.3868522047996521
      ]
    ],
    "position_importance": [
      0.17641893948738563,
      0.20326179314656678,
      0.2862853013215079,
      0.2675908591781112,
      0.18529597915598958,
      0.1856468617602261,
      0.22991833011624063,
      0.23467900592849442,
      0.36228631804163947,
      0.3500715508687357,
      0.3869838714856521,
      0.3147677701325509,
      0.37552599325209224,
      0.2999025521602876,
      0.2783794552406985,
      0.2544525052442066,
      0.2030038243286343,
      0.14243097137552405,
      0.15839367457924738,
      0.18066100483453998
    ]
  },
  "Translocase": {
    "class_id": 6,
    "n_samples": 7,
    "mean_sparsity": 0.9067395379420986,
    "mean_masked_confidence": 0.9591285160609654,
    "feature_group_importance": [
      [
        "SASA/RSA",
        0.8640832901000977
      ],
      [
        "One-hot AA",
        0.7742546796798706
      ],
      [
        "ESM-2",
        0.7212666273117065
      ],
      [
        "Positional",
        0.662551999092102
      ],
      [
        "Physicochemical",
        0.6302017569541931
      ],
      [
        "Degree",
        0.49170204997062683
      ]
    ],