{
  "Oxidoreductase": {
    "class_id": 0,
    "n_samples": 14,
    "mean_sparsity": 0.7813306747612797,
    "mean_masked_confidence": 0.6679629044873374,
    "feature_group_importance": [
      [
        "Physicochemical",
        0.8130565881729126
      ],
      [
        "One-hot AA",
        0.7862852215766907
      ],
      [
        "Positional",
        0.7361968755722046
      ],
      [
        "ESM-2",
        0.7133601307868958
      ],
      [
        "Degree",
        0.5459876656532288
      ],
      [
        "SASA/RSA",
        0.385900616645813
      ]
    ],
    "position_importance": [
      0.2508029521325762,
      0.28773152738899405,
      0.19299385567328287,
      0.20650665627428602,
      0.22070263315907748,
      0.23327685821214125,
      0.20734547242723836,
      0.21510708111241975,
      0.21823204971763704,
      0.19820026158679796,
      0.20170429537158976,
      0.2534933815175335,
      0.3073488771730334,
      0.2214412281503694,
      0.23565128481228936,
      0.25983681964042565,
      0.25781871651694643,
      0.2689842803577792,
      0.2072340503119245,
      0.18512241575510233
    ]
  },
  "Transferase": {
    "class_id": 1,
    "n_samples": 14,
    "mean_sparsity": 0.8834912107812064,
    "mean_masked_confidence": 0.6282261226858411,
    "feature_group_importance": [
      [
        "Positional",
        0.7071111798286438
      ],
      [
        "ESM-2",
        0.699568510055542
      ],
      [
        "One-hot AA",
        0.6808879375457764
      ],
      [
        "Physicochemical",
        0.6787701845169067
      ],
      [
        "SASA/RSA",
        0.63528972864151
      ],
      [
        "Degree",
        0.5330907106399536
      ]
    ],
    "position_importance": [
      0.12623494277249275,
      0.14284463679467913,
      0.14771558559509826,
      0.14684997692151863,
      0.11598291202286555,
      0.12643670283576025,
      0.15871276351204452,
      0.12954814432980602,
      0.14914332405572717,
      0.17902368554677128,
      0.19674109566495693,
      0.17426063422740828,
      0.1913980210483239,
      0.14193678235104779,
      0.18263048763230763,
      0.16354589799873742,
      0.16687801672543606,
      0.17006872333090597,
      0.16332490629569454,
      0.1610291105962705
    ]
  },
  "Hydrolase": {
    "class_id": 2,
    "n_samples": 14,
    "mean_sparsity": 0.8458044778800737,
    "mean_masked_confidence": 0.5735480955668858,
    "feature_group_importance": [
      [
        "SASA/RSA",
        0.759832501411438
      ],
      [
        "ESM-2",
        0.6888152956962585
      ],
      [
        "One-hot AA",
        0.6870189309120178
      ],
      [
        "Degree",
        0.6732769012451172
      ],
      [
        "Physicochemical",
        0.644791305065155
      ],
      [
        "Positional",
        0.6284778714179993
      ]
    ],
    "position_importance": [
      0.1392494473572947,
      0.17194513855216312,
      0.16437869407840885,
      0.14062749223513674,
      0.21509865853622015,
      0.207255582873707,
      0.18877095257347576,
      0.21868461714844045,
      0.2244741338349838,
      0.19422372003578459,
      0.16920328662078657,
      0.16597780663551948,
      0.1583735483056478,
      0.20811255924843267,
      0.20096990667403977,
      0.22225121457517852,
      0.20116525312266112,
      0.20669305119715878,
      0.16841327842213397,
      0.16952738961327404
    ]
  },
  "Lyase": {
    "class_id": 3,
    "n_samples": 14,
    "mean_sparsity": 0.8032566220004755,
    "mean_masked_confidence": 0.8006563442093986,
    "feature_group_importance": [
      [
        "Positional",
        0.756284773349762
      ],
      [
        "One-hot AA",
        0.7377651333808899
      ],
      [
        "Physicochemical",
        0.7308424711227417
      ],
      [
        "ESM-2",
        0.7024942636489868
      ],
      [
        "SASA/RSA",
        0.5587797164916992
      ],
      [
        "Degree",
        0.5184425115585327
      ]
    ],
    "position_importance": [
      0.17245254959588271,
      0.19573244645954432,
      0.22186633410800863,
      0.2327290990817678,
      0.20334351461864456,
      0.17596338866394154,
      0.1885244953768055,
      0.19639095014921307,
      0.22826733429857468,
      0.24549854336322854,
      0.2572016707468222,
      0.22735299869019915,
      0.2508225465838723,
      0.21422111380284153,
      0.3113923591473961,
      0.22894324914954425,
      0.26663406489601893,
      0.18579074630156733,
      0.1914286657111227,
      0.21779633791841377
    ]
  },
  "Isomerase": {
    "class_id": 4,
    "n_samples": 14,
    "mean_sparsity": 0.7728510491537739,
    "mean_masked_confidence": 0.8110204381602151,
    "feature_group_importance": [
      [
        "SASA/RSA",
        0.8124984502792358
      ],
      [
        "Degree",
        0.8099581003189087
      ],
      [
        "One-hot AA",
        0.7452482581138611
      ],
      [
        "Physicochemical",
        0.7338247895240784
      ],
      [
        "Positional",
        0.7142990827560425
      ],
      [
        "ESM-2",
        0.7030889987945557
      ]
    ],
    "position_importance": [
      0.23611360472833262,
      0.21426378088069212,
      0.23298854243229408,
      0.20826483370644264,
      0.19322992397739477,
      0.18516412784555533,
      0.21309795058206418,
      0.22506735661441205,
      0.2279764460188118,
      0.22944470637251943,
      0.24203594111849777,
      0.1992288824001061,
      0.2672923513459289,
      0.30598246289073744,
      0.29159455546939966,
      0.27606410721462676,
      0.24955473394841363,
      0.2032505696637302,
      0.24989271890770626,
      0.20210305360678518
    ]
  },
  "Ligase": {
    "class_id": 5,
    "n_samples": 14,
    "mean_sparsity": 0.752600174466206,
    "mean_masked_confidence": 0.8250840135983059,
    "feature_group_importance": [
      [
        "Physicochemical",
        0.7547702193260193
      ],
      [
        "Positional",
        0.7397791147232056
      ],
      [
        "One-hot AA",
        0.7256646752357483
      ],
      [
        "ESM-2",
        0.689848005771637
      ],
      [
        "Degree",
        0.44084006547927856
      ],
      [
        "SASA/RSA",
        0.38657552003860474
      ]
    ],
    "position_importance": [
      0.17641221248229286,
      0.20326363916139184,
      0.28628135732246374,
      0.26758488359109206,
      0.18529775828149697,
      0.18570528340281633,
      0.22992974833047053,
      0.23469015887016445,
      0.3623545762503539,
      0.35009059061983755,
      0.3869494627092453,
      0.3148034323850492,
      0.375528430186304,
      0.29992760109486477,
      0.27837059734365266,
      0.254597190783666,
      0.20298969274573928,
      0.14242503925741215,
      0.15837699074121053,
      0.18066809066465242
    ]
  },
  "Translocase": {
    "class_id": 6,
    "n_samples": 7,
    "mean_sparsity": 0.9067395379420986,
    "mean_masked_confidence": 0.959128201007843,
    "feature_group_importance": [
      [
        "SASA/RSA",
        0.864067792892456
      ],
      [
        "One-hot AA",
        0.7742488980293274
      ],
      [
        "ESM-2",
        0.7212666273117065
      ],
      [
        "Positional",
        0.6625763177871704
      ],
      [
        "Physicochemical",
        0.6302076578140259
      ],
      [
        "Degree",
        0.4917577803134918
      ]
    ],