{
  "Oxidoreductase": {
    "class_id": 0,
    "n_samples": 14,
    "mean_sparsity": 0.7812398211192338,
    "mean_masked_confidence": 0.6680918463638851,
    "feature_group_importance": [
      [
        "Physicochemical",
        0.8132519721984863
      ],
      [
        "One-hot AA",
        0.7864416837692261
      ],
      [
        "Positional",
        0.7368828058242798
      ],
      [
        "ESM-2",
        0.7133578658103943
      ],
      [
        "Degree",
        0.544313907623291
      ],
      [
        "SASA/RSA",
        0.3862946331501007
      ]
    ],
    "position_importance": [
      0.25080673312616125,
      0.2877920432785411,
      0.193066039114765,
      0.20653895685081927,
      0.22066519933384712,
      0.23323091788782155,
      0.20752041563241752,
      0.21520550839539995,
      0.21847108317108796,
      0.19817712841894428,
      0.20174863083180644,
      0.25350968368622395,
      0.30740556699784183,
      0.22150054676682768,
      0.23596086280489822,
      0.25987219540146483,
      0.2578999058856749,
      0.2690912306751064,
      0.2073335208154974,
      0.18522097987320232
    ]
  },
  "Transferase": {
    "class_id": 1,
    "n_samples": 14,
    "mean_sparsity": 0.8835217172347181,
    "mean_masked_confidence": 0.6283211069447654,
    "feature_group_importance": [
      [
        "Positional",
        0.706997275352478
      ],
      [
        "ESM-2",
        0.6995075941085815
      ],
      [
        "One-hot AA",
        0.6808609366416931
      ],
      [
        "Physicochemical",
        0.6783828735351562
      ],
      [
        "SASA/RSA",
        0.6346055865287781
      ],
      [
        "Degree",
        0.5318685173988342
      ]
    ],
    "position_importance": [
      0.12626933354856038,
      0.1428343321068592,
      0.14771189802320608,
      0.14685335458647916,
      0.11602895570570361,
      0.1264341412701246,
      0.15873520489843945,
      0.1295152057503634,
      0.14915579782147223,
      0.17910791745605575,
      0.1968636835375376,
      0.17419760005003265,
      0.19139858314241803,
      0.14192466804101686,
      0.1826874577663158,
      0.16351119860206362,
      0.16695817217998501,
      0.17006150448486804,
      0.16332221874002592,
      0.16096132730500765
    ]
  },
  "Hydrolase": {
    "class_id": 2,
    "n_samples": 14,
    "mean_sparsity": 0.8453880374302518,
    "mean_masked_confidence": 0.5736916150365557,
    "feature_group_importance": [
      [
        "SASA/RSA",
        0.7614743113517761
      ],
      [
        "ESM-2",
        0.6886798739433289
      ],
      [
        "One-hot AA",
        0.6871086955070496
      ],
      [
        "Degree",
        0.6741957664489746
      ],
      [
        "Physicochemical",
        0.6448241472244263
      ],
      [
        "Positional",
        0.6272433400154114
      ]
    ],
    "position_importance": [
      0.13919492339970468,
      0.17202037955381141,
      0.16431803767308603,
      0.14090997326222618,
      0.21509187260338622,
      0.20739347251970439,
      0.18896243422025133,
      0.21912055086013152,
      0.2246008549058404,
      0.19426948206348635,
      0.16933030446984149,
      0.16602895071253937,
      0.15833193619056146,
      0.20808579522830908,
      0.20109547549309795,
      0.22249652507447323,
      0.2012362489037087,
      0.20671064071390502,
      0.16854074698915206,
      0.16953951056236877
    ]
  },
  "Lyase": {
    "class_id": 3,
    "n_samples": 14,
    "mean_sparsity": 0.8032613490090983,
    "mean_masked_confidence": 0.8006516950471061,
    "feature_group_importance": [
      [
        "Positional",
        0.7563403844833374
      ],
      [
        "One-hot AA",
        0.7378504872322083
      ],
      [
        "Physicochemical",
        0.730653703212738
      ],
      [
        "ESM-2",
        0.7024960517883301
      ],
      [
        "SASA/RSA",
        0.558822751045227
      ],
      [
        "Degree",
        0.518862783908844
      ]
    ],
    "position_importance": [
      0.17247286976124707,
      0.19578605360305595,
      0.22192256887784084,
      0.23272698746093876,
      0.20338550492755486,
      0.17598043579301392,
      0.18851108725544766,
      0.19638812682909043,
      0.22825539646842205,
      0.2455102370812389,
      0.2572151810347894,
      0.22738279558066107,
      0.25078139122591725,
      0.214201062274279,
      0.3114072012466324,
      0.22897419895559418,
      0.26661035509721515,
      0.18580068047490347,
      0.1913868965957403,
      0.2178592535682696
    ]
  },
  "Isomerase": {
    "class_id": 4,
    "n_samples": 14,
    "mean_sparsity": 0.7728663686154026,
    "mean_masked_confidence": 0.8110172195093972,
    "feature_group_importance": [
      [
        "SASA/RSA",
        0.8125178813934326
      ],
      [
        "Degree",
        0.8099717497825623
      ],
      [
        "One-hot AA",
        0.7452411651611328
      ],
      [
        "Physicochemical",
        0.7338393926620483
      ],
      [
        "Positional",
        0.7143632769584656
      ],
      [
        "ESM-2",
        0.7030918598175049
      ]
    ],
    "position_importance": [
      0.23610042653659527,
      0.21422011454513143,
      0.23298615655784324,
      0.20825307587373085,
      0.1932307661227151,
      0.18512246749759326,
      0.21310202592569624,
      0.22504930519770988,
      0.2279459886561619,
      0.22946361894592265,
      0.24199951382042278,
      0.1992249001863978,
      0.2672942599056431,
      0.305905078528431,
      0.2916437092568499,
      0.2760552489841292,
      0.2495042007578899,
      0.20325612488543326,
      0.24989640675104052,
      0.2020885380640259
    ]
  },
  "Ligase": {
    "class_id": 5,
    "n_samples": 14,
    "mean_sparsity": 0.7526881088133486,
    "mean_masked_confidence": 0.8250833749771118,
    "feature_group_importance": [
      [
        "Physicochemical",
        0.7548299431800842
      ],
      [
        "Positional",
        0.7399575114250183
      ],
      [
        "One-hot AA",
        0.7256024479866028
      ],
      [
        "ESM-2",
        0.6898452043533325
      ],
      [
        "Degree",
        0.44072696566581726
      ],
      [
        "SASA/RSA",
        0.3868309259414673
      ]
    ],
    "position_importance": [
      0.1764195735945837,
      0.2032602275143664,
      0.28627765502341196,
      0.26759699320354136,
      0.18531731743726826,
      0.18564052107653345,
      0.2299170716938012,
      0.23467914156306025,
      0.362282820411616,
      0.35010108862597844,
      0.38694745216622206,
      0.3147931838457086,
      0.3755177067937087,
      0.29991938474053115,
      0.27837709793139964,
      0.2544723754663888,
      0.2030093771794852,
      0.1424406710678081,
      0.1583896411702053,
      0.18066471333931663
    ]
  },
  "Translocase": {
    "class_id": 6,
    "n_samples": 7,
    "mean_sparsity": 0.9067829859782475,
    "mean_masked_confidence": 0.9591274431773594,
    "feature_group_importance": [
      [
        "SASA/RSA",
        0.864040732383728
      ],
      [
        "One-hot AA",
        0.774378776550293
      ],
      [
        "ESM-2",
        0.7212820649147034
      ],
      [
        "Positional",
        0.6626884937286377
      ],
      [
        "Physicochemical",
        0.6301969289779663
      ],
      [
        "Degree",
        0.49178507924079895
      ]
    ],