{
  "Oxidoreductase": {
    "class_id": 0,
    "n_samples": 14,
    "mean_sparsity": 0.7813261765387309,
    "mean_masked_confidence": 0.667887304510389,
    "feature_group_importance": [
      [
        "Physicochemical",
        0.8127086758613586
      ],
      [
        "One-hot AA",
        0.7861578464508057
      ],
      [
        "Positional",
        0.7359789609909058
      ],
      [
        "ESM-2",
        0.7134014368057251
      ],
      [
        "Degree",
        0.5480806827545166
      ],
      [
        "SASA/RSA",
        0.38619333505630493
      ]
    ],
    "position_importance": [
      0.25083612976462133,
      0.2876618993058345,
      0.19302531022761957,
      0.20648910770502274,
      0.22060315053573595,
      0.23331802829708428,
      0.20733691637404425,
      0.21506354944217385,
      0.21829356447789983,
      0.1981044695668128,
      0.20166346350800118,
      0.25369633982125955,
      0.3073711378058807,
      0.2213990788735402,
      0.2355604842937906,
      0.2595868449949997,
      0.2577490088941757,
      0.26922156664203367,
      0.20734320492059188,
      0.1853508291045416
    ]
  },
  "Transferase": {
    "class_id": 1,
    "n_samples": 14,
    "mean_sparsity": 0.8836539557194428,
    "mean_masked_confidence": 0.6283580235072544,
    "feature_group_importance": [
      [
        "Positional",
        0.7072451710700989
      ],
      [
        "ESM-2",
        0.6994596719741821
      ],
      [
        "One-hot AA",
        0.6805856823921204
      ],
      [
        "Physicochemical",
        0.6787936091423035
      ],
      [
        "SASA/RSA",
        0.633960485458374
      ],
      [
        "Degree",
        0.5347236394882202
      ]
    ],
    "position_importance": [
      0.12624931727423896,
      0.14288232351666555,
      0.14769813691980377,
      0.14685035830301565,
      0.11601969288522695,
      0.12642763869146492,
      0.1586863585911542,
      0.12957207973553092,
      0.14914016471426234,
      0.17873539826450144,
      0.19679219591276004,
      0.17424132964409092,
      0.1913190788664117,
      0.1419107490051897,
      0.18255125518710485,
      0.16351400238972372,
      0.16693235393867295,
      0.170062465135649,
      0.16331023594401947,
      0.1612087552678291
    ]
  },
  "Hydrolase": {
    "class_id": 2,
    "n_samples": 14,
    "mean_sparsity": 0.8456732188209537,
    "mean_masked_confidence": 0.5736743339470455,
    "feature_group_importance": [
      [
        "SASA/RSA",
        0.7611344456672668
      ],
      [
        "ESM-2",
        0.6886612176895142
      ],
      [
        "One-hot AA",
        0.6872640252113342
      ],
      [
        "Degree",
        0.6745403409004211
      ],
      [
        "Physicochemical",
        0.6446074843406677
      ],
      [
        "Positional",
        0.6277031898498535
      ]
    ],
    "position_importance": [
      0.13913975637997186,
      0.17199884518821454,
      0.1642943136767754,
      0.14086805118535378,
      0.21509367462116685,
      0.20738017296090616,
      0.1888662840418289,
      0.2188263422397434,
      0.22443283810357642,
      0.1943155433005117,
      0.16933381706779996,
      0.16600824710109854,
      0.1582322422303058,
      0.20795583991746194,
      0.20107835579487515,
      0.22232950966079404,
      0.20117598606556256,
      0.20660092573149333,
      0.16828224520128354,
      0.16953141077246808
    ]
  },
  "Lyase": {
    "class_id": 3,
    "n_samples": 14,
    "mean_sparsity": 0.8031944274912467,
    "mean_masked_confidence": 0.8006591796875,
    "feature_group_importance": [
      [
        "Positional",
        0.756323516368866
      ],
      [
        "One-hot AA",
        0.7378363013267517
      ],
      [
        "Physicochemical",
        0.7308517694473267
      ],
      [
        "ESM-2",
        0.7024847865104675
      ],
      [
        "SASA/RSA",
        0.5586601495742798
      ],
      [
        "Degree",
        0.5188653469085693
      ]
    ],
    "position_importance": [
      0.17249068746238777,
      0.19573804512394302,
      0.22185486286481318,
      0.23269481791026428,
      0.20334715306561704,
      0.17596409995983617,
      0.18856067720361672,
      0.19640680949338826,
      0.22825873197992805,
      0.24550314942321558,
      0.2571711624018968,
      0.2273460350807229,
      0.25082984517814083,
      0.214197051468175,
      0.31138762299401723,
      0.22896353414676193,
      0.2665894439569415,
      0.18578432871045317,
      0.19144019272942175,
      0.2177897917770288
    ]
  },
  "Isomerase": {
    "class_id": 4,
    "n_samples": 14,
    "mean_sparsity": 0.7728795863377247,
    "mean_masked_confidence": 0.811016993863242,
    "feature_group_importance": [
      [
        "SASA/RSA",
        0.8124920129776001
      ],
      [
        "Degree",
        0.8099474310874939
      ],
      [
        "One-hot AA",
        0.7452274560928345
      ],
      [
        "Physicochemical",
        0.7338423132896423
      ],
      [
        "Positional",
        0.714220404624939
      ],
      [
        "ESM-2",
        0.7030919194221497
      ]
    ],
    "position_importance": [
      0.23609433733627272,
      0.21426498952950523,
      0.23299024517196146,
      0.20826106587236803,
      0.19323838394858212,
      0.1851460941919718,
      0.21310067840079758,
      0.22507359093384913,
      0.22798801717613779,
      0.22945698997576422,
      0.24204288307454563,
      0.19924012892511955,
      0.2672936675503284,
      0.30598765397393995,
      0.29159624164848835,
      0.2760723784210952,
      0.2495451030653046,
      0.20325709494370967,
      0.2498980671778273,
      0.20207086022951012
    ]
  },
  "Ligase": {
    "class_id": 5,
    "n_samples": 14,
    "mean_sparsity": 0.7525700821120608,
    "mean_masked_confidence": 0.8250793431486402,
    "feature_group_importance": [
      [
        "Physicochemical",
        0.7548538446426392
      ],
      [
        "Positional",
        0.7398892641067505
      ],
      [
        "One-hot AA",
        0.7256410121917725
      ],
      [
        "ESM-2",
        0.689860463142395
      ],
      [
        "Degree",
        0.4408753216266632
      ],
      [
        "SASA/RSA",
        0.3868706226348877
      ]
    ],
    "position_importance": [
      0.1764258113330285,
      0.20326879166067502,
      0.2862857091672483,
      0.26759402729509113,
      0.18530265710278343,
      0.1856821261846097,
      0.2299321370402801,
      0.23467318879121798,
      0.36238396502974085,
      0.35007711829392424,
      0.38690721916327203,
      0.3147819657663113,
      0.3757020589205338,
      0.29991415387161996,
      0.2783566359168003,
      0.2545578162791249,
      0.20298832764345806,
      0.14243262040457838,
      0.15839370457240134,
      0.18065944877862214
    ]
  },
  "Translocase": {
    "class_id": 6,
    "n_samples": 7,
    "mean_sparsity": 0.9067854454212675,
    "mean_masked_confidence": 0.9591269833700997,
    "feature_group_importance": [
      [
        "SASA/RSA",
        0.8641281723976135
      ],
      [
        "One-hot AA",
        0.7743940353393555
      ],
      [
        "ESM-2",
        0.7212878465652466
      ],
      [
        "Positional",
        0.6627150774002075
      ],
      [
        "Physicochemical",
        0.6302141547203064
      ],
      [
        "Degree",
        0.491858571767807
      ]
    ],