mean_sparsity,mean_masked_confidence,stability_EC1,stability_EC2,stability_EC3,stability_EC4,stability_EC5,stability_EC6,stability_EC7,unfaithfulness,characterization_score
0.8142743870474991,0.7363148940788521,0.9021363245261894,0.8960377822865496,0.8865753628395416,0.9095000539507184,0.9110022154483166,0.8628964777831193,0.894385556379954,0.43698540105274075,0.1162793571719601
