mean_sparsity,mean_masked_confidence,stability_EC1,stability_EC2,stability_EC3,stability_EC4,stability_EC5,stability_EC6,stability_EC7,unfaithfulness,characterization_score
0.8142087531094119,0.736372396841154,0.9019623497030237,0.8959048757186303,0.8866469093731472,0.9094827024491279,0.9110078798545586,0.8629053274353782,0.8943994130407061,0.4369779860967331,0.11632037555562114
