mean_sparsity,mean_masked_confidence,stability_EC1,stability_EC2,stability_EC3,stability_EC4,stability_EC5,stability_EC6,stability_EC7,unfaithfulness,characterization_score
0.8142621504637022,0.7363172337249085,0.9019715949729249,0.8960142253519414,0.8867394577015887,0.9094883701303503,0.9110062148544814,0.8629008669119614,0.8943829905419123,0.43705580193608784,
