sparsity,fidelity_plus,fidelity_minus,prob_fidelity_plus,prob_fidelity_minus
0.05,0.978021978021978,0.0,0.9766364651066917,0.0036623369861435106
0.1,0.989010989010989,0.0,0.9867833571119623,0.011110338535937634
0.2,1.0,0.01098901098901095,1.0026447488056434,0.02453703998209356
0.3,1.0,0.02197802197802201,1.0026501348385444,0.02541277533049112
0.5,1.0,0.02197802197802201,0.999395068366449,0.02385430103474921
0.7,1.0,0.02197802197802201,0.9982593146326778,0.02419505964268695
