sparsity,fidelity_plus,fidelity_minus,prob_fidelity_plus,prob_fidelity_minus
0.05,0.978021978021978,0.0,0.9766560262376136,0.0036736546636937737
0.1,0.989010989010989,0.0,0.9867886308130327,0.011110757405941304
0.2,1.0,0.01098901098901095,1.0026472456507631,0.024581641941280156
0.3,1.0,0.02197802197802201,1.002651415028415,0.025413617000475036
0.5,1.0,0.02197802197802201,0.9993943043135025,0.023851592298392413
0.7,1.0,0.02197802197802201,0.9982547050976491,0.024193926171942073
