sparsity,fidelity_plus,fidelity_minus,prob_fidelity_plus,prob_fidelity_minus
0.05,0.978021978021978,0.0,0.9766456335783005,0.0036559982614202814
0.1,0.989010989010989,0.0,0.9867875847842668,0.01109826270040575
0.2,1.0,0.01098901098901095,1.0026554383419373,0.02456054746449649
0.3,1.0,0.02197802197802201,1.0026419398548838,0.025411049743275065
0.5,1.0,0.02197802197802201,0.9993959889634625,0.023855597927020147
0.7,1.0,0.02197802197802201,0.9982736158174473,0.024192276564273207
