sparsity,fidelity_plus,fidelity_minus,prob_fidelity_plus,prob_fidelity_minus
0.05,0.978021978021978,0.0,0.976645949286419,0.003664737874334985
0.1,0.989010989010989,0.0,0.9867694600597843,0.011091963930444404
0.2,1.0,0.01098901098901095,1.002649867272639,0.024592162488581062
0.3,1.0,0.02197802197802201,1.0026513839161002,0.025401315846285976
0.5,1.0,0.02197802197802201,0.9993823483422563,0.023843172978568864
0.7,1.0,0.02197802197802201,0.9982698040676641,0.024194486193604522
