sparsity,fidelity_plus,fidelity_minus,prob_fidelity_plus,prob_fidelity_minus
0.05,0.978021978021978,0.0,0.9766255168469398,0.0036450447616996344
0.1,0.989010989010989,0.0,0.9868029686775837,0.011101947053448184
0.2,1.0,0.01098901098901095,1.002636886232502,0.02456961064548283
0.3,1.0,0.02197802197802201,1.0026567561940833,0.025399683923511714
0.5,1.0,0.02197802197802201,0.9993901143034736,0.023858393122861674
0.7,1.0,0.02197802197802201,0.9982678233594685,0.024194989230606583
