sparsity,fidelity_plus,fidelity_minus,prob_fidelity_plus,prob_fidelity_minus
0.05,0.978021978021978,0.0,0.9818508272970116,0.010197302797338464
0.1,0.989010989010989,0.01098901098901095,0.9883449929101127,0.0139774270765074
0.2,1.0,0.01098901098901095,0.9958679518856846,0.018261387780472472
0.3,1.0,0.02197802197802201,0.9981342966739948,0.020182837496747028
0.5,1.0,0.02197802197802201,1.0000497106012407,0.023065189247602945
0.7,1.0,0.02197802197802201,1.0004343704862908,0.02572761688913618
