sparsity,fidelity_plus,fidelity_minus,prob_fidelity_plus,prob_fidelity_minus
0.05,0.978021978021978,0.0,0.9818508331919764,0.010197299522357983
0.1,0.989010989010989,0.01098901098901095,0.9883449929101127,0.013977427731503497
0.2,1.0,0.01098901098901095,0.9958679505756923,0.018261397769162944
0.3,1.0,0.02197802197802201,0.9981342996214773,0.020182834549264592
0.5,1.0,0.02197802197802201,1.000049719443688,0.023065183680136124
0.7,1.0,0.02197802197802201,1.0004345011580122,0.025727738718410116
