sparsity,fidelity_plus,fidelity_minus,prob_fidelity_plus,prob_fidelity_minus
0.05,0.978021978021978,0.0,0.9818508397419374,0.010197295592381405
0.1,0.989010989010989,0.01098901098901095,0.9883449916001205,0.013977422819032774
0.2,1.0,0.01098901098901095,0.9958679530319277,0.018261393839186364
0.3,1.0,0.02197802197802201,0.9981342953640026,0.02018284077172751
0.5,1.0,0.02197802197802201,1.0000497158412094,0.023065185645124414
0.7,1.0,0.02197802197802201,1.0004343701587928,0.025727615906642035
