sparsity,fidelity_plus,fidelity_minus,prob_fidelity_plus,prob_fidelity_minus
0.05,0.978021978021978,0.0,0.9818508343382196,0.01019730377983261
0.1,0.989010989010989,0.01098901098901095,0.9883449916001205,0.013977422819032774
0.2,1.0,0.01098901098901095,0.9958679499206963,0.018261391710449052
0.3,1.0,0.02197802197802201,0.9981342960189987,0.020182838315492148
0.5,1.0,0.02197802197802201,1.0000497173149507,0.02306519154008928
0.7,1.0,0.02197802197802201,1.0004343681938046,0.025727620491614707
