sparsity,fidelity_plus,fidelity_minus,prob_fidelity_plus,prob_fidelity_minus
0.05,0.978021978021978,0.0,0.9818508317182352,0.010197293299895067
0.1,0.989010989010989,0.01098901098901095,0.9883449902901282,0.013977430351487883
0.2,1.0,0.01098901098901095,0.9958679535231747,0.018261390727954907
0.3,1.0,0.02197802197802201,0.9981342960189987,0.02018284633919433
0.5,1.0,0.02197802197802201,1.0000497148587153,0.02306519072134416
0.7,1.0,0.02197802197802201,1.0004343678663066,0.025727615906642035
