eps,accuracy,macro_f1,macro_auroc,time_s
4.0,0.9078104993597952,0.8336934885933454,0.9773428259846624,622.1828076839447
8.0,0.9039692701664532,0.8438025297111638,0.9710513505882759,773.9248178005219
12.0,0.9090909090909091,0.8371208710955476,0.9771679619703405,3432.9340858459473
