Class,Precision,Recall,F1,Support
Oxidoreductase,0.9310344827586207,0.9391304347826087,0.935064935064935,115
Transferase,0.9102040816326531,0.8991935483870968,0.9046653144016227,248
Hydrolase,0.9452054794520548,0.9324324324324325,0.9387755102040817,296
Lyase,0.8208955223880597,0.8208955223880597,0.8208955223880597,67
Isomerase,0.875,0.9032258064516129,0.8888888888888888,31
Ligase,0.7777777777777778,0.8235294117647058,0.8,17
Translocase,0.6363636363636364,1.0,0.7777777777777778,7
